request_id,created_hour,neighbourhood,channel,urgency_level,recent_rain_flag,night_report_flag,repeat_report_count,image_quality_score,nearby_asset_age_years,description_word_count,previous_resolution_days,category_label
REQ-10001,18,North End,call_centre,medium,yes,yes,3,0.756,21.9,13,11.2,pothole
REQ-10002,8,Hillside,mobile_app,medium,yes,no,3,0.555,20.2,16,8.3,pothole
REQ-10003,20,Eastview,mobile_app,medium,no,yes,2,0.882,30.7,18,6.3,pothole
REQ-10004,11,South Park,mobile_app,medium,no,no,1,0.645,17.4,19,10.8,pothole
REQ-10005,20,Hillside,call_centre,medium,yes,yes,2,0.64,32.0,12,8.9,pothole
REQ-10006,14,Riverside,web_portal,medium,no,no,0,0.653,16.1,9,6.1,pothole
REQ-10007,11,Hillside,web_portal,medium,yes,no,3,0.991,19.3,18,10.4,pothole
REQ-10008,14,North End,web_portal,low,no,no,4,0.776,27.0,9,7.0,pothole
REQ-10009,7,South Park,web_portal,medium,yes,no,2,0.964,20.9,15,5.8,pothole
REQ-10010,14,Hillside,mobile_app,medium,yes,no,3,0.782,27.9,18,6.6,pothole
REQ-10011,20,Eastview,web_portal,medium,yes,yes,1,0.834,27.7,18,7.6,pothole
REQ-10012,15,Central,mobile_app,medium,yes,no,3,0.476,15.2,17,4.6,pothole
REQ-10013,6,Riverside,web_portal,medium,yes,no,1,0.55,24.7,14,6.2,pothole
REQ-10014,11,Riverside,call_centre,low,yes,no,2,0.707,17.2,17,4.7,pothole
REQ-10015,6,Central,service_office,low,yes,no,1,0.607,45.3,10,11.4,pothole
REQ-10016,6,Central,mobile_app,low,yes,no,6,0.725,39.4,18,10.9,pothole
REQ-10017,20,South Park,mobile_app,medium,yes,yes,3,0.676,33.1,16,9.3,pothole
REQ-10018,14,Hillside,mobile_app,medium,yes,no,0,0.545,27.0,14,9.4,pothole
REQ-10019,16,Riverside,mobile_app,medium,no,no,2,0.814,29.1,14,7.6,pothole
REQ-10020,6,Riverside,mobile_app,high,yes,no,2,0.641,19.0,7,5.7,pothole
REQ-10021,17,Eastview,mobile_app,medium,yes,no,4,0.694,37.0,20,13.4,pothole
REQ-10022,16,Central,web_portal,low,no,no,6,0.804,23.4,8,8.6,pothole
REQ-10023,17,Central,mobile_app,high,no,no,1,0.82,41.5,17,4.7,pothole
REQ-10024,13,Hillside,service_office,medium,no,no,2,0.568,25.3,14,11.1,pothole
REQ-10025,16,Central,mobile_app,medium,yes,no,4,0.724,26.0,8,16.1,pothole
REQ-10026,17,Eastview,web_portal,low,yes,no,2,0.609,28.0,11,11.7,pothole
REQ-10027,15,Hillside,web_portal,medium,no,no,1,0.595,32.7,20,9.2,pothole
REQ-10028,18,Hillside,call_centre,medium,yes,yes,4,0.744,18.1,10,9.3,pothole
REQ-10029,18,South Park,mobile_app,high,yes,yes,2,0.59,22.6,11,13.8,pothole
REQ-10030,20,Riverside,mobile_app,medium,no,yes,0,0.667,29.3,11,7.0,pothole
REQ-10031,10,Hillside,call_centre,low,yes,no,5,0.591,35.0,20,11.3,pothole
REQ-10032,13,Hillside,mobile_app,low,yes,no,2,0.65,18.2,15,12.1,pothole
REQ-10033,12,North End,web_portal,high,no,no,1,0.703,38.8,17,9.1,pothole
REQ-10034,10,Riverside,web_portal,high,no,no,2,0.717,24.6,15,7.2,pothole
REQ-10035,16,Central,web_portal,medium,no,no,4,0.663,25.6,10,4.4,pothole
REQ-10036,16,Central,web_portal,medium,yes,no,2,0.627,16.3,11,8.7,pothole
REQ-10037,6,Hillside,call_centre,low,yes,no,2,0.784,30.0,11,13.4,pothole
REQ-10038,7,Central,,low,no,no,3,0.897,29.8,10,10.1,pothole
REQ-10039,14,Central,mobile_app,medium,yes,no,0,0.95,27.8,16,8.4,pothole
REQ-10040,19,Riverside,call_centre,medium,yes,yes,0,0.733,22.6,10,6.0,pothole
REQ-10041,17,Central,service_office,high,yes,no,2,0.768,16.1,6,8.5,pothole
REQ-10042,18,North End,call_centre,high,yes,yes,1,0.737,25.2,18,12.8,pothole
REQ-10043,9,South Park,mobile_app,low,no,no,3,0.582,27.0,13,13.5,pothole
REQ-10044,11,Eastview,call_centre,medium,yes,no,4,0.587,29.2,19,15.2,pothole
REQ-10045,6,South Park,mobile_app,medium,yes,no,6,0.784,24.3,16,7.4,pothole
REQ-10046,14,South Park,web_portal,medium,yes,no,2,0.746,28.3,17,4.9,pothole
REQ-10047,6,South Park,mobile_app,medium,no,no,4,0.723,23.4,14,7.7,pothole
REQ-10048,19,North End,web_portal,medium,yes,yes,8,0.543,19.0,10,10.6,pothole
REQ-10049,13,Central,service_office,medium,no,no,2,1.0,25.4,19,12.3,pothole
REQ-10050,6,Hillside,call_centre,low,no,no,3,0.686,23.7,14,8.1,pothole
REQ-10051,12,South Park,mobile_app,medium,no,no,2,0.831,18.4,10,12.3,pothole
REQ-10052,19,South Park,web_portal,low,no,yes,6,0.705,29.8,7,8.2,pothole
REQ-10053,7,Riverside,mobile_app,high,yes,no,2,1.0,20.7,14,12.6,pothole
REQ-10054,15,Riverside,call_centre,high,yes,no,2,0.554,19.5,14,7.2,pothole
REQ-10055,19,Riverside,service_office,high,yes,yes,4,0.809,22.5,14,9.6,pothole
REQ-10056,19,North End,web_portal,high,yes,yes,3,0.544,17.6,13,1.0,pothole
REQ-10057,13,South Park,web_portal,high,yes,no,3,0.599,26.4,18,8.5,pothole
REQ-10058,14,North End,mobile_app,medium,yes,no,0,0.877,11.5,11,9.0,pothole
REQ-10059,20,North End,web_portal,low,yes,yes,1,0.766,26.0,14,8.6,pothole
REQ-10060,13,Riverside,mobile_app,high,no,no,8,0.711,27.5,5,7.7,pothole
REQ-10061,20,South Park,web_portal,medium,yes,yes,3,0.857,21.1,10,6.5,pothole
REQ-10062,16,Eastview,web_portal,low,yes,no,2,0.638,18.3,21,9.2,pothole
REQ-10063,8,Riverside,web_portal,medium,yes,no,4,0.855,26.9,19,,pothole
REQ-10064,19,Hillside,mobile_app,medium,yes,yes,6,0.757,18.9,9,13.5,pothole
REQ-10065,13,South Park,web_portal,medium,yes,no,3,0.609,38.8,15,8.2,pothole
REQ-10066,6,South Park,web_portal,low,yes,no,5,0.557,19.1,14,8.3,pothole
REQ-10067,8,Eastview,mobile_app,medium,yes,no,3,0.833,28.5,16,8.7,pothole
REQ-10068,9,North End,web_portal,medium,yes,no,1,0.681,31.9,14,8.5,pothole
REQ-10069,17,Riverside,mobile_app,low,no,no,4,0.624,12.2,18,10.5,pothole
REQ-10070,12,Central,web_portal,high,yes,no,2,0.703,23.5,10,5.9,pothole
REQ-10071,15,Hillside,mobile_app,low,no,no,4,0.659,25.7,13,9.5,pothole
REQ-10072,17,North End,mobile_app,medium,yes,no,3,0.601,38.9,20,7.4,pothole
REQ-10073,6,Riverside,call_centre,medium,yes,no,7,0.923,9.8,10,5.0,pothole
REQ-10074,11,South Park,web_portal,low,yes,no,2,0.795,18.3,13,13.7,pothole
REQ-10075,7,Riverside,web_portal,high,yes,no,3,0.648,28.5,18,12.9,pothole
REQ-10076,11,Central,mobile_app,medium,yes,no,4,0.752,8.9,18,10.0,pothole
REQ-10077,7,Eastview,web_portal,high,no,no,2,0.692,30.9,12,11.0,pothole
REQ-10078,11,Eastview,mobile_app,medium,no,no,2,0.642,17.5,5,9.7,pothole
REQ-10079,11,North End,mobile_app,medium,no,no,1,0.686,10.3,9,7.2,pothole
REQ-10080,11,North End,service_office,medium,yes,no,1,0.705,17.3,13,6.7,pothole
REQ-10081,13,North End,mobile_app,medium,yes,no,2,0.706,24.8,19,8.0,pothole
REQ-10082,10,South Park,mobile_app,medium,yes,no,2,0.886,21.9,19,13.0,pothole
REQ-10083,9,North End,mobile_app,medium,yes,no,0,0.519,21.2,13,3.5,pothole
REQ-10084,11,North End,mobile_app,medium,no,no,1,0.675,31.9,15,10.3,pothole
REQ-10085,19,Eastview,web_portal,low,yes,yes,1,0.77,29.5,9,10.3,pothole
REQ-10086,18,North End,call_centre,medium,yes,yes,0,0.562,21.6,18,4.0,pothole
REQ-10087,10,South Park,web_portal,medium,yes,no,2,0.899,36.1,16,10.1,pothole
REQ-10088,10,Riverside,call_centre,low,yes,no,0,,25.8,10,5.8,pothole
REQ-10089,18,North End,mobile_app,low,yes,yes,1,0.618,31.9,16,6.9,pothole
REQ-10090,7,Central,call_centre,medium,no,no,3,0.722,26.4,15,10.7,pothole
REQ-10091,16,Hillside,call_centre,medium,no,no,5,0.699,29.5,12,8.9,pothole
REQ-10092,18,Eastview,mobile_app,medium,yes,yes,1,0.679,24.5,17,11.4,pothole
REQ-10093,14,North End,web_portal,low,no,no,6,0.65,17.2,14,13.3,pothole
REQ-10094,9,Hillside,web_portal,medium,no,no,3,0.929,13.0,13,11.4,pothole
REQ-10095,17,Central,mobile_app,high,yes,no,1,0.631,29.7,15,12.0,pothole
REQ-10096,16,South Park,web_portal,low,no,no,2,0.621,14.7,8,7.4,pothole
REQ-10097,16,North End,web_portal,medium,yes,no,2,,24.3,11,6.5,pothole
REQ-10098,11,South Park,mobile_app,high,yes,no,2,0.803,24.5,11,11.8,pothole
REQ-10099,16,North End,mobile_app,low,no,no,0,,19.8,7,7.8,pothole
REQ-10100,11,Riverside,call_centre,medium,no,no,5,0.749,26.2,12,10.1,pothole
REQ-10101,19,Eastview,web_portal,medium,yes,yes,2,0.674,23.7,13,14.5,pothole
REQ-10102,10,South Park,web_portal,medium,no,no,1,0.708,25.2,19,16.5,pothole
REQ-10103,19,North End,call_centre,high,yes,yes,2,,31.9,17,6.0,pothole
REQ-10104,19,Central,mobile_app,high,no,yes,2,0.749,32.7,11,10.0,pothole
REQ-10105,20,Riverside,mobile_app,medium,yes,yes,3,0.696,26.6,9,6.8,pothole
REQ-10106,11,Riverside,mobile_app,medium,no,no,5,0.584,24.3,9,13.1,pothole
REQ-10107,16,Eastview,call_centre,medium,no,no,3,0.625,12.1,16,10.9,pothole
REQ-10108,12,South Park,web_portal,medium,yes,no,2,0.617,37.4,22,8.1,pothole
REQ-10109,12,North End,service_office,medium,yes,no,3,0.571,31.8,9,8.3,pothole
REQ-10110,8,Central,mobile_app,high,no,no,4,0.698,22.7,13,9.4,pothole
REQ-10111,12,Riverside,mobile_app,medium,yes,no,2,0.507,12.7,15,8.6,pothole
REQ-10112,11,Eastview,web_portal,medium,no,no,3,0.852,41.9,16,4.5,pothole
REQ-10113,6,Riverside,web_portal,high,no,no,3,0.723,12.6,10,9.5,pothole
REQ-10114,8,Central,web_portal,medium,no,no,3,0.73,24.0,13,13.0,pothole
REQ-10115,6,Hillside,mobile_app,medium,yes,no,2,0.683,29.4,15,1.0,pothole
REQ-10116,10,Central,web_portal,medium,no,no,2,0.483,39.3,19,11.6,pothole
REQ-10117,6,North End,service_office,high,no,no,0,0.608,17.3,12,7.0,pothole
REQ-10118,12,Central,web_portal,high,yes,no,1,0.73,20.7,13,9.4,pothole
REQ-10119,20,Eastview,web_portal,low,no,yes,1,0.707,19.3,14,4.6,pothole
REQ-10120,12,Central,mobile_app,medium,yes,no,2,0.8,30.7,5,11.4,pothole
REQ-10121,14,Hillside,web_portal,medium,no,no,2,0.705,15.0,15,10.8,pothole
REQ-10122,14,Riverside,mobile_app,low,no,no,5,0.668,23.8,11,8.7,pothole
REQ-10123,9,Riverside,call_centre,medium,yes,no,5,0.839,29.7,14,1.3,pothole
REQ-10124,7,Eastview,mobile_app,medium,yes,no,2,0.805,22.2,12,5.4,pothole
REQ-10125,10,South Park,mobile_app,medium,yes,no,1,0.609,17.5,17,7.8,pothole
REQ-10126,18,Central,mobile_app,medium,yes,yes,5,0.725,12.9,12,8.5,pothole
REQ-10127,11,Central,call_centre,low,yes,no,2,0.571,26.6,16,11.1,pothole
REQ-10128,13,South Park,mobile_app,medium,no,no,1,0.755,18.0,15,11.6,pothole
REQ-10129,15,North End,mobile_app,medium,no,no,0,0.906,28.8,14,3.6,pothole
REQ-10130,7,Riverside,mobile_app,medium,no,no,2,,16.5,15,9.8,pothole
REQ-10131,20,Hillside,web_portal,medium,yes,yes,2,0.7,15.9,18,12.0,pothole
REQ-10132,16,Eastview,mobile_app,medium,no,no,3,0.668,9.9,12,12.0,pothole
REQ-10133,14,South Park,service_office,medium,yes,no,1,0.549,36.7,10,2.9,pothole
REQ-10134,8,Eastview,web_portal,medium,yes,no,5,0.786,26.3,7,12.3,pothole
REQ-10135,6,South Park,mobile_app,medium,no,no,1,0.625,28.4,12,10.2,pothole
REQ-10136,19,Eastview,mobile_app,low,yes,yes,1,0.689,25.5,10,4.6,pothole
REQ-10137,10,Eastview,web_portal,medium,yes,no,2,0.447,16.2,16,3.9,pothole
REQ-10138,7,South Park,web_portal,low,yes,no,2,0.813,36.3,12,9.5,pothole
REQ-10139,12,Riverside,mobile_app,medium,yes,no,2,0.639,19.0,11,10.8,pothole
REQ-10140,8,Riverside,web_portal,high,yes,no,2,0.911,26.0,17,8.1,pothole
REQ-10141,15,Riverside,web_portal,low,yes,no,2,0.675,21.9,11,7.5,pothole
REQ-10142,19,Central,web_portal,high,yes,yes,1,0.759,27.9,8,2.1,pothole
REQ-10143,11,Central,web_portal,medium,yes,no,2,0.843,25.0,11,9.1,pothole
REQ-10144,7,North End,web_portal,medium,no,no,3,0.79,10.0,18,14.1,pothole
REQ-10145,11,Hillside,mobile_app,medium,no,no,3,0.678,19.4,12,5.7,pothole
REQ-10146,18,South Park,mobile_app,medium,yes,yes,1,0.614,26.2,22,9.0,pothole
REQ-10147,14,Eastview,web_portal,low,no,no,2,0.876,24.9,15,14.0,pothole
REQ-10148,6,South Park,web_portal,medium,yes,no,1,0.523,3.4,13,10.3,pothole
REQ-10149,20,South Park,mobile_app,medium,no,yes,2,0.838,25.3,13,12.8,pothole
REQ-10150,11,Eastview,web_portal,low,yes,no,4,0.712,22.5,11,11.6,pothole
REQ-10151,9,North End,web_portal,high,yes,no,4,0.552,50.4,24,6.5,water_leak
REQ-10152,16,Hillside,web_portal,medium,yes,no,1,0.612,13.3,9,4.7,water_leak
REQ-10153,21,North End,call_centre,medium,yes,yes,3,0.441,24.8,20,4.4,water_leak
REQ-10154,11,Riverside,web_portal,medium,yes,no,2,0.646,34.7,12,1.0,water_leak
REQ-10155,15,Hillside,service_office,low,yes,no,8,0.52,18.8,17,5.2,water_leak
REQ-10156,11,Riverside,call_centre,medium,yes,no,0,0.547,36.6,17,4.3,water_leak
REQ-10157,13,South Park,,high,yes,no,3,0.622,30.6,27,5.9,water_leak
REQ-10158,1,South Park,mobile_app,high,yes,yes,3,0.914,38.6,13,4.8,water_leak
REQ-10159,18,Riverside,mobile_app,high,no,yes,1,0.618,25.6,26,4.0,water_leak
REQ-10160,21,Hillside,mobile_app,high,yes,yes,3,0.517,54.7,14,3.7,water_leak
REQ-10161,1,Eastview,mobile_app,high,yes,yes,3,0.701,27.9,19,5.6,water_leak
REQ-10162,7,Central,call_centre,medium,yes,no,5,0.62,21.6,18,8.2,water_leak
REQ-10163,23,Eastview,call_centre,high,no,yes,2,0.74,21.5,14,1.0,water_leak
REQ-10164,6,Riverside,mobile_app,high,yes,no,4,0.726,21.0,16,6.1,water_leak
REQ-10165,5,Eastview,mobile_app,low,yes,yes,5,0.565,25.6,18,7.2,water_leak
REQ-10166,1,South Park,mobile_app,high,yes,yes,5,0.566,28.9,20,4.1,water_leak
REQ-10167,11,Riverside,call_centre,high,yes,no,2,0.557,32.7,16,7.1,water_leak
REQ-10168,17,Riverside,call_centre,medium,yes,no,3,0.443,30.4,11,1.0,water_leak
REQ-10169,11,South Park,mobile_app,high,no,no,5,0.515,42.4,22,4.1,water_leak
REQ-10170,8,Central,mobile_app,high,no,no,6,0.833,40.9,11,2.5,water_leak
REQ-10171,2,North End,web_portal,high,no,yes,5,0.622,28.5,19,7.2,water_leak
REQ-10172,1,Riverside,mobile_app,medium,yes,yes,5,0.55,20.6,23,7.8,water_leak
REQ-10173,18,Riverside,call_centre,high,no,yes,5,0.675,25.6,20,7.6,water_leak
REQ-10174,13,Riverside,mobile_app,medium,no,no,4,0.514,19.6,15,7.8,water_leak
REQ-10175,16,North End,call_centre,high,yes,no,4,0.675,32.8,10,6.8,water_leak
REQ-10176,23,Central,web_portal,high,yes,yes,3,0.514,43.7,20,3.2,water_leak
REQ-10177,18,Riverside,mobile_app,medium,yes,yes,4,0.676,50.5,15,7.2,water_leak
REQ-10178,23,Riverside,call_centre,high,no,yes,3,0.264,37.8,12,1.3,water_leak
REQ-10179,7,Eastview,call_centre,medium,no,no,8,0.712,17.0,18,1.0,water_leak
REQ-10180,5,South Park,mobile_app,high,no,yes,1,0.616,26.3,23,1.7,water_leak
REQ-10181,10,Central,mobile_app,high,no,no,1,0.693,28.7,19,1.8,water_leak
REQ-10182,19,Eastview,mobile_app,high,no,yes,4,0.518,48.3,22,1.0,water_leak
REQ-10183,23,Eastview,service_office,low,no,yes,1,0.753,22.4,13,1.5,water_leak
REQ-10184,1,Hillside,mobile_app,high,yes,yes,4,0.803,25.5,17,6.1,water_leak
REQ-10185,5,Eastview,web_portal,medium,no,yes,3,0.773,37.4,24,1.0,water_leak
REQ-10186,6,South Park,call_centre,medium,no,no,6,0.614,41.7,15,5.5,water_leak
REQ-10187,13,Central,call_centre,high,yes,no,3,0.506,46.3,25,1.0,water_leak
REQ-10188,6,North End,web_portal,high,no,no,4,0.5,28.0,20,4.8,water_leak
REQ-10189,14,Hillside,mobile_app,high,yes,no,2,0.718,28.4,14,4.8,water_leak
REQ-10190,11,North End,service_office,low,yes,no,2,0.642,37.8,26,3.9,water_leak
REQ-10191,9,North End,web_portal,high,no,no,1,0.846,38.0,18,1.0,water_leak
REQ-10192,13,Eastview,service_office,medium,no,no,1,0.65,18.2,16,2.5,water_leak
REQ-10193,11,Riverside,service_office,high,yes,no,0,0.683,52.2,19,6.9,water_leak
REQ-10194,16,Hillside,call_centre,high,no,no,3,0.488,46.7,14,2.3,water_leak
REQ-10195,10,Eastview,web_portal,high,yes,no,4,0.791,18.1,11,6.4,water_leak
REQ-10196,16,Riverside,service_office,high,yes,no,1,0.702,37.8,12,2.7,water_leak
REQ-10197,23,North End,web_portal,high,yes,yes,6,0.904,32.3,20,6.9,water_leak
REQ-10198,20,Riverside,call_centre,high,yes,yes,3,0.857,21.5,8,6.3,water_leak
REQ-10199,15,Riverside,web_portal,high,no,no,4,0.641,24.9,10,5.6,water_leak
REQ-10200,4,Eastview,mobile_app,high,yes,yes,2,0.718,29.2,13,5.8,water_leak
REQ-10201,19,Riverside,web_portal,medium,yes,yes,2,0.954,21.3,17,4.5,water_leak
REQ-10202,0,Hillside,mobile_app,high,yes,yes,6,0.435,38.7,10,6.5,water_leak
REQ-10203,19,Eastview,,medium,yes,yes,1,0.744,38.8,21,4.2,water_leak
REQ-10204,9,South Park,web_portal,high,yes,no,4,0.555,26.9,7,6.2,water_leak
REQ-10205,18,Central,call_centre,high,no,yes,4,0.441,39.1,11,6.7,water_leak
REQ-10206,9,Hillside,call_centre,medium,yes,no,4,0.69,33.9,21,4.3,water_leak
REQ-10207,17,Riverside,web_portal,medium,yes,no,9,0.647,27.1,13,4.8,water_leak
REQ-10208,13,South Park,mobile_app,high,yes,no,1,0.57,24.1,21,4.1,water_leak
REQ-10209,4,North End,mobile_app,medium,yes,yes,2,0.625,29.5,26,3.2,water_leak
REQ-10210,14,Hillside,service_office,medium,no,no,4,0.674,27.3,23,3.6,water_leak
REQ-10211,14,Eastview,web_portal,medium,no,no,5,0.668,21.3,18,7.1,water_leak
REQ-10212,4,Hillside,mobile_app,high,yes,yes,4,0.543,26.0,14,3.5,water_leak
REQ-10213,14,Riverside,mobile_app,high,yes,no,2,0.871,32.5,20,6.1,water_leak
REQ-10214,12,North End,call_centre,high,yes,no,4,0.648,39.0,27,6.2,water_leak
REQ-10215,23,Hillside,web_portal,high,no,yes,2,0.939,46.9,13,1.8,water_leak
REQ-10216,13,Eastview,mobile_app,high,yes,no,5,0.494,9.1,15,5.9,water_leak
REQ-10217,9,Central,mobile_app,medium,yes,no,5,0.57,18.6,23,1.6,water_leak
REQ-10218,8,North End,call_centre,high,yes,no,5,0.852,41.9,11,5.0,water_leak
REQ-10219,0,Riverside,web_portal,low,yes,yes,2,0.626,11.4,17,7.4,water_leak
REQ-10220,14,South Park,web_portal,medium,yes,no,6,0.686,35.4,25,7.1,water_leak
REQ-10221,12,Central,mobile_app,medium,yes,no,2,0.787,25.1,11,5.5,water_leak
REQ-10222,15,Eastview,call_centre,high,yes,no,5,0.824,31.5,17,5.7,water_leak
REQ-10223,2,Central,call_centre,medium,no,yes,2,0.512,37.2,13,2.6,water_leak
REQ-10224,17,North End,mobile_app,high,yes,no,1,0.615,42.2,15,2.0,water_leak
REQ-10225,21,Riverside,mobile_app,high,yes,yes,2,0.495,26.2,15,5.5,water_leak
REQ-10226,9,South Park,mobile_app,medium,yes,no,2,0.843,33.5,23,3.8,water_leak
REQ-10227,11,Eastview,service_office,high,yes,no,3,0.639,42.8,21,6.4,water_leak
REQ-10228,19,North End,mobile_app,high,no,yes,1,0.831,40.4,14,5.2,water_leak
REQ-10229,19,North End,web_portal,high,yes,yes,5,0.826,51.3,14,8.0,water_leak
REQ-10230,22,Eastview,call_centre,high,yes,yes,4,0.54,20.7,19,6.5,water_leak
REQ-10231,11,Eastview,mobile_app,medium,no,no,2,0.521,27.4,20,7.4,water_leak
REQ-10232,16,North End,web_portal,medium,no,no,5,0.65,30.1,18,5.2,water_leak
REQ-10233,19,Riverside,call_centre,medium,yes,yes,2,0.76,40.6,13,6.7,water_leak
REQ-10234,5,South Park,mobile_app,high,yes,yes,3,0.919,22.0,23,5.6,water_leak
REQ-10235,22,Riverside,call_centre,high,yes,yes,2,0.721,31.5,18,7.5,water_leak
REQ-10236,4,Riverside,web_portal,high,no,yes,3,0.697,8.0,23,4.4,water_leak
REQ-10237,21,Eastview,mobile_app,medium,yes,yes,4,0.8,45.8,12,2.9,water_leak
REQ-10238,17,Eastview,call_centre,medium,yes,no,5,0.847,40.5,12,1.9,water_leak
REQ-10239,21,Riverside,call_centre,high,no,yes,2,0.484,34.8,18,1.0,water_leak
REQ-10240,21,Central,web_portal,high,no,yes,7,0.856,50.3,28,4.5,water_leak
REQ-10241,9,Central,mobile_app,medium,yes,no,4,0.656,25.2,30,3.7,water_leak
REQ-10242,19,Eastview,mobile_app,high,yes,yes,6,0.504,26.8,17,7.0,water_leak
REQ-10243,13,South Park,call_centre,medium,no,no,2,0.786,38.6,20,9.4,water_leak
REQ-10244,7,Eastview,call_centre,medium,yes,no,3,0.796,43.1,8,5.8,water_leak
REQ-10245,3,Eastview,service_office,medium,yes,yes,3,0.727,38.4,24,10.4,water_leak
REQ-10246,20,Eastview,web_portal,medium,yes,yes,1,0.762,47.9,17,3.9,water_leak
REQ-10247,13,Hillside,service_office,medium,yes,no,6,0.893,50.0,17,5.4,water_leak
REQ-10248,13,Central,mobile_app,medium,no,no,1,0.597,26.9,9,4.9,water_leak
REQ-10249,3,North End,mobile_app,medium,yes,yes,4,0.549,34.1,23,6.6,water_leak
REQ-10250,13,Eastview,mobile_app,medium,yes,no,1,0.542,43.3,14,6.4,water_leak
REQ-10251,0,Riverside,call_centre,high,yes,yes,5,0.84,32.7,14,4.1,water_leak
REQ-10252,10,Riverside,call_centre,high,yes,no,1,1.0,32.4,12,,water_leak
REQ-10253,1,Riverside,call_centre,high,yes,yes,2,0.505,53.5,17,7.1,water_leak
REQ-10254,17,Eastview,,high,yes,no,5,0.595,24.9,14,4.9,water_leak
REQ-10255,4,Riverside,call_centre,medium,yes,yes,5,0.631,20.7,14,5.3,water_leak
REQ-10256,16,Riverside,mobile_app,high,yes,no,4,0.789,39.4,15,4.0,water_leak
REQ-10257,7,North End,mobile_app,high,yes,no,5,0.735,26.6,14,5.5,water_leak
REQ-10258,21,Riverside,web_portal,medium,no,yes,6,0.627,38.1,24,1.0,water_leak
REQ-10259,21,Riverside,call_centre,medium,yes,yes,5,0.773,21.0,16,3.9,water_leak
REQ-10260,0,Central,web_portal,medium,yes,yes,6,0.603,40.1,14,3.8,water_leak
REQ-10261,18,Hillside,web_portal,high,no,yes,3,0.693,5.9,13,3.2,water_leak
REQ-10262,10,Hillside,web_portal,high,yes,no,3,0.746,29.4,18,3.1,water_leak
REQ-10263,20,North End,mobile_app,high,yes,yes,1,0.588,33.7,7,7.0,water_leak
REQ-10264,18,North End,web_portal,medium,yes,yes,7,0.496,36.6,16,4.4,water_leak
REQ-10265,3,Hillside,mobile_app,high,yes,yes,2,0.786,32.2,18,7.4,water_leak
REQ-10266,23,Central,call_centre,high,yes,yes,1,0.437,42.1,23,3.3,water_leak
REQ-10267,8,Hillside,call_centre,high,yes,no,4,0.679,26.1,20,10.6,water_leak
REQ-10268,22,South Park,web_portal,medium,yes,yes,4,0.747,39.3,19,3.8,water_leak
REQ-10269,4,Central,mobile_app,high,yes,yes,4,1.0,44.9,11,3.2,water_leak
REQ-10270,14,Hillside,call_centre,high,yes,no,3,0.596,45.1,20,8.3,water_leak
REQ-10271,20,Riverside,mobile_app,medium,yes,yes,2,0.673,25.4,24,8.9,water_leak
REQ-10272,4,Eastview,call_centre,low,yes,yes,5,0.494,32.2,22,7.6,water_leak
REQ-10273,16,Riverside,web_portal,high,yes,no,3,0.756,34.7,18,1.2,water_leak
REQ-10274,22,Eastview,mobile_app,medium,yes,yes,3,0.739,21.2,10,8.2,water_leak
REQ-10275,0,Eastview,mobile_app,high,yes,yes,3,0.7,35.5,17,5.4,water_leak
REQ-10276,15,Riverside,call_centre,low,yes,no,5,0.868,39.6,15,4.5,water_leak
REQ-10277,19,Riverside,mobile_app,high,yes,yes,4,0.801,34.1,11,5.2,water_leak
REQ-10278,20,Riverside,mobile_app,medium,yes,yes,2,0.836,26.4,24,10.5,water_leak
REQ-10279,13,South Park,call_centre,high,no,no,4,0.83,25.7,5,4.9,water_leak
REQ-10280,22,Hillside,web_portal,medium,yes,yes,3,0.775,31.3,15,3.5,water_leak
REQ-10281,20,Riverside,service_office,high,yes,yes,4,0.725,20.3,17,3.6,water_leak
REQ-10282,6,North End,web_portal,medium,yes,no,5,0.849,26.6,14,7.4,water_leak
REQ-10283,0,North End,mobile_app,high,yes,yes,0,0.712,33.3,18,6.3,water_leak
REQ-10284,23,Eastview,mobile_app,high,no,yes,8,0.622,26.8,20,1.7,water_leak
REQ-10285,0,Hillside,call_centre,high,no,yes,3,0.958,24.5,25,2.4,water_leak
REQ-10286,19,Eastview,web_portal,high,yes,yes,4,0.921,38.0,24,4.7,water_leak
REQ-10287,14,South Park,web_portal,high,yes,no,1,0.624,33.7,21,5.3,water_leak
REQ-10288,18,Hillside,web_portal,medium,yes,yes,5,0.673,45.6,14,8.6,water_leak
REQ-10289,21,Riverside,service_office,medium,no,yes,3,0.776,35.9,12,6.7,water_leak
REQ-10290,12,Riverside,web_portal,high,no,no,5,0.475,17.1,24,8.3,water_leak
REQ-10291,5,Hillside,call_centre,low,yes,yes,4,0.553,29.3,25,5.4,water_leak
REQ-10292,21,Hillside,call_centre,high,no,yes,5,0.876,38.1,17,4.7,water_leak
REQ-10293,18,Eastview,service_office,medium,no,yes,4,0.942,34.8,10,5.3,water_leak
REQ-10294,12,South Park,service_office,high,no,no,2,0.834,34.1,11,1.0,water_leak
REQ-10295,4,Hillside,call_centre,high,yes,yes,2,0.376,28.5,21,7.3,water_leak
REQ-10296,15,Central,service_office,high,yes,no,5,0.892,40.5,19,7.8,water_leak
REQ-10297,15,Riverside,service_office,high,yes,no,5,,28.9,21,2.0,water_leak
REQ-10298,16,Riverside,call_centre,medium,yes,no,5,0.818,29.0,10,1.0,water_leak
REQ-10299,20,Riverside,call_centre,medium,yes,yes,5,0.908,53.7,16,6.4,water_leak
REQ-10300,13,Riverside,mobile_app,medium,yes,no,1,0.521,27.8,18,3.8,water_leak
REQ-10301,20,Eastview,mobile_app,high,no,yes,3,0.671,22.8,17,8.9,broken_streetlight
REQ-10302,23,Central,mobile_app,high,no,yes,1,0.465,11.9,19,4.0,broken_streetlight
REQ-10303,9,Central,web_portal,medium,no,no,1,0.675,21.8,12,4.6,broken_streetlight
REQ-10304,20,South Park,mobile_app,high,no,yes,2,0.62,25.1,4,5.6,broken_streetlight
REQ-10305,19,North End,web_portal,low,no,yes,1,0.827,26.3,9,7.6,broken_streetlight
REQ-10306,0,North End,mobile_app,medium,no,yes,2,0.516,13.1,12,8.1,broken_streetlight
REQ-10307,23,North End,web_portal,low,no,yes,1,0.942,25.9,16,4.3,broken_streetlight
REQ-10308,17,North End,call_centre,medium,yes,no,1,0.735,16.4,14,5.8,broken_streetlight
REQ-10309,5,South Park,call_centre,medium,no,yes,3,0.423,11.6,9,10.1,broken_streetlight
REQ-10310,22,North End,mobile_app,high,yes,yes,2,0.547,29.2,12,7.2,broken_streetlight
REQ-10311,11,Hillside,mobile_app,low,no,no,2,0.756,16.5,9,8.4,broken_streetlight
REQ-10312,14,Riverside,mobile_app,medium,no,no,1,0.346,11.9,14,6.9,broken_streetlight
REQ-10313,18,Central,mobile_app,medium,no,yes,3,0.257,28.5,13,6.1,broken_streetlight
REQ-10314,11,South Park,service_office,medium,no,no,3,0.688,17.4,13,11.3,broken_streetlight
REQ-10315,13,Central,service_office,medium,no,no,1,0.64,20.2,6,10.1,broken_streetlight
REQ-10316,20,South Park,web_portal,medium,no,yes,3,0.571,10.8,10,10.3,broken_streetlight
REQ-10317,19,Central,web_portal,medium,no,yes,3,0.845,28.6,12,10.6,broken_streetlight
REQ-10318,22,Riverside,web_portal,high,no,yes,2,0.662,35.5,9,3.9,broken_streetlight
REQ-10319,13,North End,web_portal,low,no,no,0,0.575,22.3,6,9.8,broken_streetlight
REQ-10320,13,Central,mobile_app,low,yes,no,3,0.453,28.5,12,7.4,broken_streetlight
REQ-10321,18,Hillside,call_centre,medium,no,yes,1,0.907,22.8,5,7.1,broken_streetlight
REQ-10322,18,North End,web_portal,low,no,yes,3,0.35,11.0,14,6.6,broken_streetlight
REQ-10323,13,Eastview,mobile_app,medium,no,no,2,0.446,22.8,18,8.4,broken_streetlight
REQ-10324,18,Hillside,mobile_app,high,no,yes,5,0.757,13.1,16,11.8,broken_streetlight
REQ-10325,9,South Park,mobile_app,medium,no,no,1,0.711,23.6,17,5.6,broken_streetlight
REQ-10326,21,Central,call_centre,medium,no,yes,2,0.585,11.1,13,4.6,broken_streetlight
REQ-10327,23,North End,call_centre,low,no,yes,2,0.666,15.1,15,,broken_streetlight
REQ-10328,1,North End,mobile_app,high,yes,yes,2,0.405,20.5,11,8.5,broken_streetlight
REQ-10329,18,Eastview,mobile_app,medium,no,yes,1,0.561,24.0,18,6.8,broken_streetlight
REQ-10330,12,Central,mobile_app,medium,no,no,6,0.612,24.6,12,11.6,broken_streetlight
REQ-10331,0,Central,web_portal,medium,no,yes,0,0.516,7.8,10,6.8,broken_streetlight
REQ-10332,21,Riverside,web_portal,medium,no,yes,3,0.399,17.3,8,9.1,broken_streetlight
REQ-10333,23,South Park,mobile_app,medium,yes,yes,3,0.881,17.8,18,4.7,broken_streetlight
REQ-10334,18,Hillside,mobile_app,medium,no,yes,2,0.619,28.3,11,10.6,broken_streetlight
REQ-10335,19,Eastview,mobile_app,medium,no,yes,3,0.403,22.2,18,11.5,broken_streetlight
REQ-10336,21,Hillside,call_centre,medium,no,yes,0,0.444,18.5,5,8.9,broken_streetlight
REQ-10337,15,Hillside,mobile_app,medium,no,no,3,0.888,25.2,6,9.5,broken_streetlight
REQ-10338,7,North End,mobile_app,medium,no,no,4,0.55,13.2,9,8.5,broken_streetlight
REQ-10339,18,Eastview,web_portal,medium,no,yes,5,0.271,20.4,14,7.1,broken_streetlight
REQ-10340,19,Hillside,mobile_app,medium,no,yes,2,0.585,8.6,14,13.6,broken_streetlight
REQ-10341,18,Hillside,web_portal,medium,no,yes,3,0.647,18.2,5,4.1,broken_streetlight
REQ-10342,5,North End,web_portal,low,yes,yes,0,0.705,26.4,13,8.7,broken_streetlight
REQ-10343,19,Eastview,call_centre,medium,yes,yes,1,0.789,26.0,18,6.3,broken_streetlight
REQ-10344,7,South Park,web_portal,medium,no,no,3,0.56,24.7,12,10.3,broken_streetlight
REQ-10345,21,Central,mobile_app,medium,no,yes,1,0.74,14.0,4,4.5,broken_streetlight
REQ-10346,16,North End,service_office,low,yes,no,2,0.462,21.4,4,7.7,broken_streetlight
REQ-10347,2,North End,mobile_app,medium,yes,yes,2,0.796,25.2,14,2.6,broken_streetlight
REQ-10348,13,North End,web_portal,medium,yes,no,3,0.412,28.6,13,9.2,broken_streetlight
REQ-10349,23,North End,call_centre,medium,yes,yes,4,0.684,28.9,14,12.6,broken_streetlight
REQ-10350,21,Hillside,call_centre,medium,no,yes,0,0.437,22.3,13,9.6,broken_streetlight
REQ-10351,19,Central,web_portal,medium,no,yes,3,0.64,31.4,13,5.8,broken_streetlight
REQ-10352,9,South Park,call_centre,medium,no,no,3,0.467,26.0,11,7.5,broken_streetlight
REQ-10353,22,Hillside,web_portal,medium,no,yes,1,0.56,15.9,18,,broken_streetlight
REQ-10354,22,Central,call_centre,medium,no,yes,2,0.549,7.6,9,5.5,broken_streetlight
REQ-10355,9,Eastview,call_centre,medium,no,no,1,0.739,23.4,11,12.5,broken_streetlight
REQ-10356,21,Central,web_portal,high,no,yes,4,0.759,22.5,8,6.7,broken_streetlight
REQ-10357,19,North End,call_centre,low,yes,yes,2,,26.6,12,1.0,broken_streetlight
REQ-10358,16,Hillside,mobile_app,high,yes,no,3,0.404,17.2,16,4.3,broken_streetlight
REQ-10359,18,Riverside,call_centre,high,no,yes,1,0.772,11.9,13,7.4,broken_streetlight
REQ-10360,4,Riverside,mobile_app,high,yes,yes,1,0.477,24.9,9,,broken_streetlight
REQ-10361,18,North End,service_office,high,yes,yes,1,0.399,17.4,17,9.0,broken_streetlight
REQ-10362,15,Eastview,mobile_app,low,no,no,3,0.541,27.1,8,6.1,broken_streetlight
REQ-10363,18,Eastview,mobile_app,low,no,yes,4,0.593,26.2,16,7.4,broken_streetlight
REQ-10364,3,North End,web_portal,low,yes,yes,0,0.608,14.7,14,9.4,broken_streetlight
REQ-10365,20,Eastview,mobile_app,medium,no,yes,1,0.689,9.3,15,3.9,broken_streetlight
REQ-10366,16,Hillside,web_portal,medium,no,no,3,0.325,21.6,9,9.8,broken_streetlight
REQ-10367,22,South Park,mobile_app,medium,no,yes,2,0.15,17.8,10,8.1,broken_streetlight
REQ-10368,6,North End,call_centre,medium,no,no,3,0.664,15.7,9,4.9,broken_streetlight
REQ-10369,7,Hillside,service_office,medium,no,no,2,0.318,22.9,17,5.9,broken_streetlight
REQ-10370,22,Riverside,mobile_app,low,yes,yes,3,0.7,14.0,17,3.6,broken_streetlight
REQ-10371,22,Hillside,mobile_app,medium,no,yes,0,0.609,12.4,11,7.1,broken_streetlight
REQ-10372,20,Riverside,call_centre,medium,no,yes,3,0.586,31.6,4,9.3,broken_streetlight
REQ-10373,21,Riverside,mobile_app,low,no,yes,1,0.515,23.3,8,9.5,broken_streetlight
REQ-10374,13,Central,call_centre,medium,no,no,2,0.741,18.5,4,8.9,broken_streetlight
REQ-10375,3,Riverside,web_portal,medium,no,yes,0,0.744,25.7,13,4.2,broken_streetlight
REQ-10376,20,North End,call_centre,high,no,yes,3,0.73,16.9,8,12.6,broken_streetlight
REQ-10377,21,Hillside,mobile_app,high,no,yes,2,0.502,21.9,10,4.9,broken_streetlight
REQ-10378,20,Eastview,web_portal,medium,yes,yes,0,0.448,16.2,9,9.7,broken_streetlight
REQ-10379,20,South Park,service_office,low,yes,yes,1,0.636,27.5,10,7.3,broken_streetlight
REQ-10380,18,Central,web_portal,medium,yes,yes,3,0.587,20.4,15,5.7,broken_streetlight
REQ-10381,9,Hillside,call_centre,medium,no,no,2,0.607,23.9,10,5.8,broken_streetlight
REQ-10382,20,Eastview,mobile_app,medium,no,yes,3,0.447,10.2,8,5.0,broken_streetlight
REQ-10383,20,Eastview,call_centre,medium,no,yes,1,0.675,13.9,7,7.0,broken_streetlight
REQ-10384,23,North End,mobile_app,medium,yes,yes,2,0.475,28.1,10,9.1,broken_streetlight
REQ-10385,22,North End,mobile_app,medium,yes,yes,1,0.496,21.9,14,7.1,broken_streetlight
REQ-10386,16,Central,call_centre,low,yes,no,1,0.798,17.5,4,3.7,broken_streetlight
REQ-10387,19,Central,web_portal,medium,no,yes,5,0.237,20.3,9,8.4,broken_streetlight
REQ-10388,18,Riverside,mobile_app,medium,no,yes,5,0.628,12.2,16,7.2,broken_streetlight
REQ-10389,9,Hillside,web_portal,medium,yes,no,5,,26.1,18,8.3,broken_streetlight
REQ-10390,9,South Park,call_centre,medium,no,no,2,0.768,39.8,12,7.1,broken_streetlight
REQ-10391,18,Riverside,call_centre,medium,yes,yes,0,0.492,18.0,10,3.6,broken_streetlight
REQ-10392,19,Central,mobile_app,medium,no,yes,0,0.399,11.1,10,6.4,broken_streetlight
REQ-10393,8,Eastview,mobile_app,medium,no,no,3,0.316,15.7,11,11.2,broken_streetlight
REQ-10394,10,Central,service_office,low,yes,no,3,0.651,10.9,13,6.6,broken_streetlight
REQ-10395,19,Eastview,call_centre,medium,yes,yes,2,0.61,24.0,9,4.3,broken_streetlight
REQ-10396,12,Eastview,call_centre,medium,no,no,1,0.414,20.2,8,8.4,broken_streetlight
REQ-10397,21,Hillside,call_centre,medium,no,yes,0,0.677,15.0,8,5.2,broken_streetlight
REQ-10398,14,South Park,mobile_app,high,yes,no,1,0.681,19.3,5,5.1,broken_streetlight
REQ-10399,12,Eastview,service_office,medium,no,no,1,0.71,6.5,24,8.8,broken_streetlight
REQ-10400,7,South Park,mobile_app,medium,yes,no,2,0.582,17.5,10,10.8,broken_streetlight
REQ-10401,23,North End,web_portal,low,no,yes,0,0.287,20.7,10,7.8,broken_streetlight
REQ-10402,19,Eastview,mobile_app,low,no,yes,0,0.824,14.5,8,6.0,broken_streetlight
REQ-10403,23,North End,web_portal,medium,yes,yes,0,0.363,22.7,12,9.7,broken_streetlight
REQ-10404,22,South Park,web_portal,high,no,yes,2,0.532,20.3,15,11.8,broken_streetlight
REQ-10405,22,South Park,call_centre,medium,no,yes,3,0.651,22.0,13,3.4,broken_streetlight
REQ-10406,21,Riverside,web_portal,medium,yes,yes,1,0.737,15.2,7,1.9,broken_streetlight
REQ-10407,23,North End,mobile_app,medium,yes,yes,0,0.398,20.0,14,3.4,broken_streetlight
REQ-10408,21,Eastview,mobile_app,medium,no,yes,4,0.511,20.2,15,11.7,broken_streetlight
REQ-10409,20,South Park,mobile_app,medium,no,yes,4,0.428,15.6,9,2.7,broken_streetlight
REQ-10410,11,Eastview,call_centre,medium,no,no,2,0.808,24.3,12,9.0,broken_streetlight
REQ-10411,22,Hillside,mobile_app,low,yes,yes,4,0.545,18.2,21,7.1,broken_streetlight
REQ-10412,22,Eastview,call_centre,medium,no,yes,0,0.598,15.5,7,10.1,broken_streetlight
REQ-10413,15,Eastview,call_centre,medium,no,no,4,0.641,12.0,10,6.2,broken_streetlight
REQ-10414,19,Eastview,web_portal,medium,no,yes,2,0.663,9.0,4,10.9,broken_streetlight
REQ-10415,11,Hillside,web_portal,high,no,no,0,0.574,18.9,16,5.9,broken_streetlight
REQ-10416,10,Central,call_centre,medium,no,no,3,0.503,21.8,12,9.0,broken_streetlight
REQ-10417,22,South Park,call_centre,medium,no,yes,2,0.555,18.9,14,8.6,broken_streetlight
REQ-10418,18,Eastview,call_centre,high,yes,yes,2,0.397,18.3,16,3.8,broken_streetlight
REQ-10419,6,South Park,web_portal,high,yes,no,0,0.654,34.6,15,7.8,broken_streetlight
REQ-10420,19,Hillside,mobile_app,medium,no,yes,3,0.583,30.2,14,7.4,broken_streetlight
REQ-10421,23,Riverside,call_centre,medium,yes,yes,0,0.479,16.6,10,10.9,broken_streetlight
REQ-10422,20,South Park,service_office,medium,no,yes,5,0.532,22.4,6,8.1,broken_streetlight
REQ-10423,4,South Park,mobile_app,low,yes,yes,0,0.585,19.7,11,6.4,broken_streetlight
REQ-10424,23,Eastview,mobile_app,high,no,yes,1,0.531,25.9,10,3.9,broken_streetlight
REQ-10425,8,Riverside,mobile_app,high,no,no,4,0.499,19.9,11,4.5,broken_streetlight
REQ-10426,19,South Park,mobile_app,medium,no,yes,0,0.782,9.7,10,6.3,broken_streetlight
REQ-10427,4,South Park,mobile_app,high,yes,yes,2,0.642,20.7,12,11.8,broken_streetlight
REQ-10428,8,Central,web_portal,medium,no,no,0,0.371,22.5,15,9.0,broken_streetlight
REQ-10429,14,Eastview,mobile_app,high,yes,no,1,1.0,20.4,11,6.3,broken_streetlight
REQ-10430,6,Hillside,service_office,medium,no,no,1,0.67,11.3,16,6.1,broken_streetlight
REQ-10431,22,Riverside,service_office,medium,yes,yes,1,0.664,6.6,9,6.9,broken_streetlight
REQ-10432,1,Eastview,mobile_app,medium,no,yes,1,0.42,12.7,22,5.9,broken_streetlight
REQ-10433,7,Riverside,service_office,medium,no,no,1,0.656,23.7,7,3.5,broken_streetlight
REQ-10434,10,Hillside,web_portal,medium,yes,no,1,0.833,25.1,6,7.7,broken_streetlight
REQ-10435,7,Central,mobile_app,medium,no,no,1,0.354,18.3,7,5.2,broken_streetlight
REQ-10436,20,Central,web_portal,medium,no,yes,1,0.482,16.6,13,9.6,broken_streetlight
REQ-10437,19,South Park,web_portal,low,yes,yes,3,0.15,28.5,15,6.0,broken_streetlight
REQ-10438,10,Riverside,mobile_app,medium,no,no,2,0.558,32.3,12,5.7,broken_streetlight
REQ-10439,23,Eastview,mobile_app,low,yes,yes,0,0.541,21.8,11,11.1,broken_streetlight
REQ-10440,0,Hillside,mobile_app,medium,no,yes,1,0.682,29.6,9,8.6,broken_streetlight
REQ-10441,23,Eastview,service_office,low,yes,yes,3,0.891,16.6,15,5.9,broken_streetlight
REQ-10442,18,Eastview,mobile_app,high,no,yes,3,0.15,15.4,9,11.3,broken_streetlight
REQ-10443,19,Hillside,mobile_app,medium,no,yes,2,0.615,19.3,16,8.5,broken_streetlight
REQ-10444,6,South Park,mobile_app,medium,no,no,2,0.634,14.7,11,8.4,broken_streetlight
REQ-10445,13,Riverside,call_centre,high,no,no,3,0.757,21.8,12,4.7,broken_streetlight
REQ-10446,12,Eastview,service_office,medium,yes,no,3,0.606,22.2,12,9.8,broken_streetlight
REQ-10447,21,Hillside,mobile_app,low,no,yes,1,0.48,24.0,6,6.5,broken_streetlight
REQ-10448,23,Eastview,mobile_app,medium,no,yes,2,0.568,14.2,10,4.8,broken_streetlight
REQ-10449,5,North End,mobile_app,low,no,yes,4,0.37,21.6,15,11.8,broken_streetlight
REQ-10450,19,South Park,service_office,medium,no,yes,4,0.296,20.8,20,11.7,broken_streetlight
REQ-10451,11,Eastview,mobile_app,low,no,no,3,0.82,21.1,32,17.9,illegal_dumping
REQ-10452,9,Riverside,service_office,medium,no,no,3,0.715,11.7,24,11.6,illegal_dumping
REQ-10453,19,Eastview,service_office,low,no,yes,4,0.65,18.5,29,17.1,illegal_dumping
REQ-10454,18,Hillside,mobile_app,low,yes,yes,3,0.786,20.0,23,6.6,illegal_dumping
REQ-10455,19,South Park,mobile_app,low,no,yes,2,0.908,18.4,19,11.2,illegal_dumping
REQ-10456,16,Riverside,web_portal,low,no,no,5,0.605,10.6,20,15.9,illegal_dumping
REQ-10457,22,Riverside,call_centre,medium,yes,yes,7,0.815,7.1,27,7.6,illegal_dumping
REQ-10458,16,Hillside,web_portal,medium,no,no,9,0.622,4.8,25,20.8,illegal_dumping
REQ-10459,22,Central,call_centre,low,no,yes,7,0.793,11.0,10,3.3,illegal_dumping
REQ-10460,8,South Park,call_centre,low,yes,no,4,0.8,12.1,19,11.8,illegal_dumping
REQ-10461,19,Eastview,web_portal,medium,no,yes,4,0.678,9.9,29,13.6,illegal_dumping
REQ-10462,19,North End,service_office,low,no,yes,3,0.558,3.6,36,15.0,illegal_dumping
REQ-10463,13,Central,mobile_app,medium,no,no,9,0.76,10.2,18,13.6,illegal_dumping
REQ-10464,10,South Park,web_portal,low,no,no,6,0.602,2.1,28,15.1,illegal_dumping
REQ-10465,13,South Park,web_portal,medium,no,no,4,0.849,20.5,22,14.4,illegal_dumping
REQ-10466,16,Central,mobile_app,medium,no,no,3,0.857,13.5,19,21.1,illegal_dumping
REQ-10467,20,Eastview,call_centre,low,no,yes,9,0.604,11.1,31,,illegal_dumping
REQ-10468,8,Eastview,web_portal,low,no,no,8,0.759,2.2,26,5.7,illegal_dumping
REQ-10469,8,Central,mobile_app,medium,no,no,8,0.729,31.3,18,7.4,illegal_dumping
REQ-10470,21,North End,mobile_app,medium,no,yes,5,0.757,21.1,26,18.9,illegal_dumping
REQ-10471,15,Hillside,mobile_app,medium,no,no,6,0.822,14.3,14,,illegal_dumping
REQ-10472,12,Riverside,mobile_app,high,no,no,4,0.885,19.3,12,8.0,illegal_dumping
REQ-10473,7,North End,mobile_app,low,no,no,12,0.725,4.0,23,14.3,illegal_dumping
REQ-10474,11,North End,mobile_app,medium,no,no,8,0.741,15.9,18,13.6,illegal_dumping
REQ-10475,21,Riverside,mobile_app,medium,no,yes,2,0.965,8.8,19,8.9,illegal_dumping
REQ-10476,6,South Park,call_centre,low,yes,no,6,1.0,12.0,28,9.4,illegal_dumping
REQ-10477,19,Eastview,mobile_app,low,no,yes,2,0.746,15.6,10,6.9,illegal_dumping
REQ-10478,17,Central,mobile_app,low,no,no,7,,4.5,16,12.1,illegal_dumping
REQ-10479,19,South Park,call_centre,medium,no,yes,8,0.825,8.7,26,9.8,illegal_dumping
REQ-10480,16,North End,web_portal,medium,no,no,5,0.871,8.6,15,18.1,illegal_dumping
REQ-10481,9,North End,web_portal,medium,no,no,2,0.857,17.3,22,16.3,illegal_dumping
REQ-10482,7,South Park,mobile_app,low,no,no,4,0.787,24.7,12,17.9,illegal_dumping
REQ-10483,22,Riverside,web_portal,low,no,yes,4,0.837,6.5,29,14.2,illegal_dumping
REQ-10484,12,Riverside,call_centre,low,no,no,3,0.789,19.4,17,14.9,illegal_dumping
REQ-10485,11,South Park,mobile_app,medium,no,no,8,0.93,13.2,24,17.6,illegal_dumping
REQ-10486,21,South Park,web_portal,medium,no,yes,6,0.638,28.2,25,9.2,illegal_dumping
REQ-10487,5,South Park,call_centre,medium,no,yes,7,0.889,10.6,17,18.0,illegal_dumping
REQ-10488,5,Eastview,web_portal,low,no,yes,2,0.961,1.2,22,12.0,illegal_dumping
REQ-10489,18,North End,web_portal,medium,no,yes,3,0.711,19.9,32,7.4,illegal_dumping
REQ-10490,20,Riverside,call_centre,medium,no,yes,4,0.713,12.0,19,14.8,illegal_dumping
REQ-10491,9,Riverside,mobile_app,high,no,no,2,0.879,0.7,20,21.6,illegal_dumping
REQ-10492,8,Central,mobile_app,low,no,no,6,0.969,25.9,26,17.3,illegal_dumping
REQ-10493,12,Central,web_portal,low,no,no,0,0.726,11.8,23,11.5,illegal_dumping
REQ-10494,8,Hillside,call_centre,low,no,no,3,0.847,0.0,24,15.1,illegal_dumping
REQ-10495,9,South Park,mobile_app,low,no,no,4,0.653,22.2,17,8.9,illegal_dumping
REQ-10496,12,North End,mobile_app,medium,no,no,6,0.621,13.6,28,14.6,illegal_dumping
REQ-10497,5,South Park,web_portal,low,no,yes,4,0.79,16.7,17,15.2,illegal_dumping
REQ-10498,8,Eastview,web_portal,medium,no,no,3,0.988,16.8,28,,illegal_dumping
REQ-10499,9,South Park,mobile_app,low,no,no,4,0.708,4.3,22,12.9,illegal_dumping
REQ-10500,22,South Park,web_portal,medium,no,yes,8,0.758,0.0,17,15.1,illegal_dumping
REQ-10501,9,Central,web_portal,low,no,no,3,0.855,21.4,11,14.1,illegal_dumping
REQ-10502,19,Hillside,web_portal,low,no,yes,8,0.763,5.1,18,8.4,illegal_dumping
REQ-10503,22,Riverside,call_centre,low,no,yes,2,0.901,9.6,18,12.9,illegal_dumping
REQ-10504,5,Central,mobile_app,medium,yes,yes,6,0.8,12.3,20,11.0,illegal_dumping
REQ-10505,11,North End,mobile_app,medium,no,no,10,1.0,24.7,26,13.4,illegal_dumping
REQ-10506,20,Central,call_centre,low,no,yes,5,0.721,11.0,16,10.1,illegal_dumping
REQ-10507,10,Central,call_centre,low,no,no,6,0.603,12.9,12,19.0,illegal_dumping
REQ-10508,14,Central,mobile_app,medium,no,no,4,0.822,23.6,21,16.2,illegal_dumping
REQ-10509,21,Hillside,web_portal,high,yes,yes,3,0.91,6.6,24,19.8,illegal_dumping
REQ-10510,14,Hillside,mobile_app,medium,no,no,6,0.783,19.5,33,16.6,illegal_dumping
REQ-10511,7,North End,service_office,medium,no,no,8,0.925,16.6,26,12.6,illegal_dumping
REQ-10512,8,Hillside,web_portal,medium,no,no,3,0.702,0.0,22,8.1,illegal_dumping
REQ-10513,10,North End,web_portal,high,yes,no,8,0.978,13.9,16,10.4,illegal_dumping
REQ-10514,19,Eastview,call_centre,low,no,yes,10,0.856,4.9,14,12.8,illegal_dumping
REQ-10515,18,Hillside,mobile_app,high,no,yes,4,0.555,15.1,27,15.7,illegal_dumping
REQ-10516,19,Riverside,web_portal,low,yes,yes,2,0.904,6.7,20,7.9,illegal_dumping
REQ-10517,7,Hillside,call_centre,low,no,no,7,0.752,14.1,28,15.7,illegal_dumping
REQ-10518,15,Hillside,web_portal,medium,no,no,5,0.827,18.8,33,14.4,illegal_dumping
REQ-10519,13,Hillside,web_portal,medium,no,no,1,0.84,3.2,34,9.3,illegal_dumping
REQ-10520,19,Hillside,web_portal,low,no,yes,3,1.0,20.6,12,21.9,illegal_dumping
REQ-10521,10,Eastview,web_portal,low,no,no,5,0.806,25.9,25,8.0,illegal_dumping
REQ-10522,19,Eastview,web_portal,medium,no,yes,8,0.744,4.6,22,9.8,illegal_dumping
REQ-10523,22,Eastview,call_centre,high,no,yes,1,1.0,15.3,19,13.7,illegal_dumping
REQ-10524,9,North End,call_centre,low,no,no,2,0.628,25.5,26,17.4,illegal_dumping
REQ-10525,22,South Park,call_centre,medium,yes,yes,3,0.707,12.0,21,13.6,illegal_dumping
REQ-10526,17,Eastview,mobile_app,medium,yes,no,5,0.848,17.6,20,8.4,illegal_dumping
REQ-10527,20,Eastview,call_centre,medium,no,yes,3,0.832,14.5,17,15.9,illegal_dumping
REQ-10528,14,Riverside,mobile_app,medium,yes,no,3,0.661,15.7,20,10.2,illegal_dumping
REQ-10529,10,Central,web_portal,low,yes,no,8,0.733,13.2,23,14.1,illegal_dumping
REQ-10530,10,Central,service_office,low,no,no,4,0.791,18.1,19,12.8,illegal_dumping
REQ-10531,14,Eastview,web_portal,low,no,no,3,0.944,15.3,19,16.3,illegal_dumping
REQ-10532,13,Riverside,service_office,low,no,no,7,0.957,6.3,19,18.3,illegal_dumping
REQ-10533,8,Eastview,mobile_app,medium,yes,no,3,0.689,13.5,21,12.4,illegal_dumping
REQ-10534,19,Hillside,service_office,medium,no,yes,5,0.624,5.3,24,2.6,illegal_dumping
REQ-10535,12,Hillside,web_portal,medium,no,no,4,0.683,14.2,21,16.2,illegal_dumping
REQ-10536,7,Eastview,mobile_app,medium,no,no,4,0.708,0.0,10,7.6,illegal_dumping
REQ-10537,17,Eastview,web_portal,low,no,no,4,0.808,2.3,23,21.1,illegal_dumping
REQ-10538,18,South Park,mobile_app,low,no,yes,5,0.583,13.0,27,15.6,illegal_dumping
REQ-10539,16,Central,web_portal,low,no,no,6,0.717,4.7,31,5.0,illegal_dumping
REQ-10540,16,Hillside,web_portal,medium,no,no,3,0.799,19.2,19,10.1,illegal_dumping
REQ-10541,12,South Park,web_portal,high,no,no,5,0.829,19.3,21,8.7,illegal_dumping
REQ-10542,17,Central,mobile_app,medium,no,no,4,0.685,7.0,25,8.0,illegal_dumping
REQ-10543,10,Central,web_portal,low,no,no,5,0.734,2.4,17,18.1,illegal_dumping
REQ-10544,17,South Park,web_portal,low,no,no,7,0.805,17.2,19,8.1,illegal_dumping
REQ-10545,22,Eastview,web_portal,medium,no,yes,5,0.876,2.1,26,10.8,illegal_dumping
REQ-10546,6,Eastview,mobile_app,high,no,no,6,0.817,29.4,24,8.1,illegal_dumping
REQ-10547,17,North End,web_portal,low,yes,no,7,0.621,6.3,20,10.5,illegal_dumping
REQ-10548,8,Riverside,service_office,low,yes,no,6,0.728,5.8,17,12.8,illegal_dumping
REQ-10549,15,Hillside,mobile_app,high,no,no,3,0.643,12.2,19,15.4,illegal_dumping
REQ-10550,20,Riverside,mobile_app,medium,no,yes,7,0.658,20.3,33,12.4,illegal_dumping
REQ-10551,12,South Park,mobile_app,low,no,no,7,0.935,10.9,20,5.8,illegal_dumping
REQ-10552,16,Riverside,web_portal,medium,no,no,4,0.574,11.5,27,11.2,illegal_dumping
REQ-10553,5,Central,mobile_app,medium,no,yes,4,0.691,7.3,21,14.4,illegal_dumping
REQ-10554,15,Riverside,web_portal,low,yes,no,10,0.693,16.0,16,16.6,illegal_dumping
REQ-10555,10,North End,web_portal,low,no,no,3,0.643,21.3,23,9.9,illegal_dumping
REQ-10556,22,North End,mobile_app,medium,no,yes,6,0.796,15.6,26,18.0,illegal_dumping
REQ-10557,19,Central,mobile_app,low,no,yes,5,0.72,6.8,28,,illegal_dumping
REQ-10558,8,Riverside,web_portal,low,no,no,7,0.785,19.0,26,12.9,illegal_dumping
REQ-10559,19,South Park,call_centre,low,no,yes,6,0.752,16.6,18,11.1,illegal_dumping
REQ-10560,20,Eastview,web_portal,medium,no,yes,2,0.902,0.0,17,17.4,illegal_dumping
REQ-10561,22,Central,mobile_app,low,no,yes,4,0.7,21.0,15,12.9,illegal_dumping
REQ-10562,5,South Park,mobile_app,low,no,yes,3,1.0,0.4,19,13.9,illegal_dumping
REQ-10563,19,Riverside,call_centre,low,no,yes,6,0.813,10.4,33,20.4,illegal_dumping
REQ-10564,18,North End,mobile_app,low,no,yes,2,0.751,0.0,22,18.4,illegal_dumping
REQ-10565,19,North End,service_office,low,no,yes,4,,0.0,29,13.7,illegal_dumping
REQ-10566,15,Central,service_office,low,no,no,4,0.752,3.9,7,16.9,illegal_dumping
REQ-10567,15,Riverside,web_portal,high,no,no,4,0.746,8.7,22,12.2,illegal_dumping
REQ-10568,18,North End,mobile_app,low,yes,yes,4,0.743,6.6,18,15.8,illegal_dumping
REQ-10569,6,Eastview,call_centre,medium,no,no,3,0.849,11.7,27,15.1,illegal_dumping
REQ-10570,14,South Park,mobile_app,medium,yes,no,5,0.957,0.0,29,3.3,illegal_dumping
REQ-10571,22,Riverside,service_office,high,no,yes,8,0.877,18.2,29,18.7,illegal_dumping
REQ-10572,7,South Park,web_portal,low,no,no,5,0.806,12.2,22,16.1,illegal_dumping
REQ-10573,12,South Park,call_centre,medium,no,no,6,0.703,1.5,20,14.5,illegal_dumping
REQ-10574,11,North End,mobile_app,medium,no,no,10,0.879,0.0,22,16.4,illegal_dumping
REQ-10575,15,North End,web_portal,low,no,no,2,0.765,15.4,20,9.9,illegal_dumping
REQ-10576,11,South Park,web_portal,medium,no,no,4,0.675,11.2,20,8.4,illegal_dumping
REQ-10577,12,Central,service_office,high,no,no,5,0.812,4.5,27,11.7,illegal_dumping
REQ-10578,6,Eastview,web_portal,low,no,no,9,0.919,26.5,13,14.4,illegal_dumping
REQ-10579,9,North End,mobile_app,medium,no,no,4,0.789,9.9,29,15.4,illegal_dumping
REQ-10580,19,Central,call_centre,medium,no,yes,5,0.675,9.1,29,10.5,illegal_dumping
REQ-10581,6,South Park,call_centre,low,no,no,0,0.816,12.1,17,15.1,illegal_dumping
REQ-10582,20,Eastview,service_office,medium,no,yes,4,0.705,2.9,20,14.6,illegal_dumping
REQ-10583,9,Riverside,service_office,low,no,no,4,0.913,14.2,27,5.4,illegal_dumping
REQ-10584,6,Central,web_portal,medium,no,no,2,0.698,6.5,22,18.0,illegal_dumping
REQ-10585,22,Hillside,web_portal,high,no,yes,6,0.672,7.4,13,17.1,illegal_dumping
REQ-10586,13,South Park,web_portal,medium,yes,no,2,0.744,6.5,22,7.5,illegal_dumping
REQ-10587,5,Hillside,mobile_app,low,yes,yes,7,0.79,14.1,22,11.3,illegal_dumping
REQ-10588,7,Hillside,mobile_app,medium,no,no,5,0.867,12.6,16,8.8,illegal_dumping
REQ-10589,15,Eastview,mobile_app,low,yes,no,5,0.806,28.0,35,5.0,illegal_dumping
REQ-10590,6,Hillside,mobile_app,medium,no,no,5,0.787,3.5,23,19.9,illegal_dumping
REQ-10591,14,South Park,web_portal,high,yes,no,6,0.738,10.3,12,10.8,illegal_dumping
REQ-10592,11,Central,web_portal,high,no,no,7,0.88,0.0,24,14.5,illegal_dumping
REQ-10593,13,Hillside,web_portal,low,no,no,2,0.912,8.3,9,17.6,illegal_dumping
REQ-10594,10,Eastview,mobile_app,medium,no,no,7,0.598,10.0,33,21.8,illegal_dumping
REQ-10595,22,South Park,web_portal,medium,no,yes,3,0.712,16.8,23,16.7,illegal_dumping
REQ-10596,12,South Park,mobile_app,high,no,no,3,0.767,18.0,25,6.0,illegal_dumping
REQ-10597,14,Riverside,web_portal,low,no,no,7,0.983,0.0,22,19.6,illegal_dumping
REQ-10598,7,Riverside,call_centre,low,no,no,2,0.922,8.6,25,18.2,illegal_dumping
REQ-10599,7,Hillside,mobile_app,medium,no,no,3,0.791,13.4,25,7.3,illegal_dumping
REQ-10600,17,Hillside,web_portal,medium,no,no,3,0.808,12.6,21,10.1,illegal_dumping
